[
    {
        "first_name": "Demo",
        "last_name": "Pending",
        "email": "demo.pending+2025@example.com",
        "phone": "+10000000000",
        "country": "DemoLand",
        "city": "DemoCity",
        "type": "national",
        "organization": "TestOrg",
        "occupation": "Tester",
        "interests": [
            "networking"
        ],
        "experience": 2,
        "motivation": "Test insertion",
        "status": "pending",
        "queued_at": "2025-09-06 05:00:00"
    }
]